stock_name,date,close,volume,daily_return
RELIANCE,2023-01-02,1023.45,359178,
RELIANCE,2023-01-03,1028.19,237337,0.004631393815037299
RELIANCE,2023-01-04,1041.88,187498,0.013314659741876511
RELIANCE,2023-01-05,1044.67,378167,0.0026778515759970922
RELIANCE,2023-01-06,1054.77,141090,0.009668124862396654
RELIANCE,2023-01-09,1050.08,367455,-0.004446467002284904
RELIANCE,2023-01-10,1055.5,203355,0.005161511503885441
RELIANCE,2023-01-11,1049.79,358795,-0.005409758408337351
RELIANCE,2023-01-12,1040.55,492752,-0.008801760352070476
RELIANCE,2023-01-13,1016.16,249503,-0.023439527173129582
RELIANCE,2023-01-16,1022.19,230523,0.0059341048653756
RELIANCE,2023-01-17,1024.41,167435,0.002171807589587127
RELIANCE,2023-01-18,1016.73,419030,-0.007496998272176203
RELIANCE,2023-01-19,1016.49,431236,-0.00023605086896227867
RELIANCE,2023-01-20,1020.04,103890,0.0034924101565190213
RELIANCE,2023-01-23,1014.79,449457,-0.005146856986000592
RELIANCE,2023-01-24,1033.92,241699,0.018851190886784552
RELIANCE,2023-01-25,1034.87,274073,0.0009188331785823234
RELIANCE,2023-01-26,1041.52,307624,0.006425927894325056
RELIANCE,2023-01-27,1049.31,148555,0.007479453106997491
RELIANCE,2023-01-30,1038.3,356508,-0.01049260942905339
RELIANCE,2023-01-31,1034.62,398064,-0.0035442550322642985
RELIANCE,2023-02-01,1038.37,300551,0.0036245191471264704
RELIANCE,2023-02-02,1033.91,340181,-0.004295193428161315
RELIANCE,2023-02-03,1049.15,441097,0.014740161135882168
RELIANCE,2023-02-06,1044.53,302283,-0.004403564790544823
RELIANCE,2023-02-07,1045.2,296769,0.0006414368184735064
RELIANCE,2023-02-08,1052.18,111534,0.006678147722923855
RELIANCE,2023-02-09,1050.47,140397,-0.0016251972096029688
RELIANCE,2023-02-10,1040.38,182798,-0.009605224328157802
RELIANCE,2023-02-13,1024.54,109268,-0.01522520617466705
RELIANCE,2023-02-14,1029.15,336584,0.004499580299451633
RELIANCE,2023-02-15,1030.01,138044,0.0008356410630130373
RELIANCE,2023-02-16,1035.83,113986,0.005650430578343801
RELIANCE,2023-02-17,1044.71,161858,0.008572835310813653
RELIANCE,2023-02-20,1036.32,384806,-0.008030936815001333
RELIANCE,2023-02-21,1033.23,370536,-0.002981704492820647
RELIANCE,2023-02-22,1018.14,451279,-0.01460468627507916
RELIANCE,2023-02-23,1029.14,489622,0.010804015164908698
RELIANCE,2023-02-24,1018.08,373109,-0.010746837165011569
RELIANCE,2023-02-27,1006.11,124538,-0.011757425742574323
RELIANCE,2023-02-28,985.67,239182,-0.020315870034091743
RELIANCE,2023-03-01,996.37,258338,0.010855560177341239
RELIANCE,2023-03-02,999.98,473133,0.0036231520419121033
RELIANCE,2023-03-03,1015.36,190982,0.015380307606152055
RELIANCE,2023-03-06,1013.85,353618,-0.0014871572644185038
RELIANCE,2023-03-07,1004.2,345310,-0.00951817329979776
RELIANCE,2023-03-08,1003.6,285340,-0.0005974905397331254
RELIANCE,2023-03-09,1013.21,210687,0.0095755280988441
RELIANCE,2023-03-10,1005.39,302982,-0.007718044630432019
RELIANCE,2023-03-13,1009.63,298286,0.0042172689205184355
RELIANCE,2023-03-14,1001.74,424767,-0.007814744015134267
RELIANCE,2023-03-15,1009.18,437594,0.007427076886217909
RELIANCE,2023-03-16,1016.23,471369,0.006985869716007231
RELIANCE,2023-03-17,1019.83,164044,0.003542505141552521
RELIANCE,2023-03-20,1013.73,457403,-0.005981389055038644
RELIANCE,2023-03-21,1010.57,343307,-0.003117200832568834
RELIANCE,2023-03-22,1024.29,144262,0.013576496432706309
RELIANCE,2023-03-23,1026.04,487261,0.0017085005223129723
RELIANCE,2023-03-24,1023.48,237848,-0.0024950294335502887
RELIANCE,2023-03-27,1019.8,192787,-0.0035955758783757785
RELIANCE,2023-03-28,1006.31,121959,-0.013228083938027102
RELIANCE,2023-03-29,996.11,236602,-0.010136041577645027
RELIANCE,2023-03-30,981.96,113545,-0.014205258455391445
RELIANCE,2023-03-31,977.75,489803,-0.004287343679986955
RELIANCE,2023-04-03,971.09,161087,-0.006811557146509828
RELIANCE,2023-04-04,965.96,168840,-0.00528272353746817
RELIANCE,2023-04-05,959.33,139353,-0.006863638245890091
RELIANCE,2023-04-06,957.86,293075,-0.0015323194312697463
RELIANCE,2023-04-07,966.04,167172,0.0085398701271584
RELIANCE,2023-04-10,955.5,316688,-0.010910521303465703
RELIANCE,2023-04-11,954.85,494070,-0.0006802721088434716
RELIANCE,2023-04-12,958.3,452228,0.003613132952819731
RELIANCE,2023-04-13,970.67,277789,0.012908275070437236
RELIANCE,2023-04-14,956.41,318164,-0.014690883616471084
RELIANCE,2023-04-17,959.81,294806,0.003554960738595403
RELIANCE,2023-04-18,959.73,170467,-8.334982965374493e-05
RELIANCE,2023-04-19,957.59,387486,-0.0022297937961718306
RELIANCE,2023-04-20,950.7,268229,-0.007195146148142761
RELIANCE,2023-04-21,964.72,189045,0.014747028505311954
RELIANCE,2023-04-24,950.71,134698,-0.01452234845343725
RELIANCE,2023-04-25,955.83,455528,0.005385448769866796
RELIANCE,2023-04-26,961.27,186202,0.005691388636054562
RELIANCE,2023-04-27,978.33,486393,0.017747355061533243
RELIANCE,2023-04-28,987.07,134754,0.008933590915130907
RELIANCE,2023-05-01,981.71,314835,-0.0054302126495587855
RELIANCE,2023-05-02,992.67,184896,0.01116419309164618
RELIANCE,2023-05-03,996.95,373255,0.0043116040577433346
RELIANCE,2023-05-04,972.25,399648,-0.024775565474697836
RELIANCE,2023-05-05,983.95,474705,0.012033941887374722
RELIANCE,2023-05-08,992.68,147254,0.008872402052949813
RELIANCE,2023-05-09,1011.4,247718,0.0188580408590886
RELIANCE,2023-05-10,1015.37,408987,0.003925252125766221
RELIANCE,2023-05-11,998.26,262688,-0.0168510001280322
RELIANCE,2023-05-12,999.45,465871,0.0011920742091240388
RELIANCE,2023-05-15,1000.08,391999,0.0006303466906798505
RELIANCE,2023-05-16,1005.09,292506,0.005009599232061346
RELIANCE,2023-05-17,999.08,273714,-0.005979564019142569
RELIANCE,2023-05-18,990.61,115151,-0.008477799575609568
RELIANCE,2023-05-19,991.7,483029,0.0011003321185936166
RELIANCE,2023-05-22,992.76,488215,0.0010688716345668148
RELIANCE,2023-05-23,1001.3,488207,0.008602280510898952
RELIANCE,2023-05-24,1019.19,233629,0.017866773194846752
RELIANCE,2023-05-25,1009.33,177505,-0.009674349238120494
RELIANCE,2023-05-26,998.39,102869,-0.010838873311999064
RELIANCE,2023-05-29,999.9,194179,0.0015124350203827852
RELIANCE,2023-05-30,999.74,190272,-0.000160016001600094
RELIANCE,2023-05-31,999.69,235059,-5.001300338081105e-05
RELIANCE,2023-06-01,995.86,158871,-0.0038311876681771384
RELIANCE,2023-06-02,1005.49,186416,0.0096700339405138
RELIANCE,2023-06-05,1009.62,432415,0.004107450098956633
RELIANCE,2023-06-06,1000.94,271890,-0.008597294031417735
RELIANCE,2023-06-07,1002.4,381974,0.0014586288888445154
RELIANCE,2023-06-08,1007.8,147333,0.005387071029529178
RELIANCE,2023-06-09,992.82,234508,-0.014864060329430329
RELIANCE,2023-06-12,1001.92,392890,0.009165810519530027
RELIANCE,2023-06-13,1001.62,149377,-0.00029942510380065457
RELIANCE,2023-06-14,1014.63,469599,0.012988957888220964
RELIANCE,2023-06-15,1001.19,236672,-0.013246207977292146
RELIANCE,2023-06-16,1007.45,145714,0.006252559454249518
RELIANCE,2023-06-19,998.88,202946,-0.008506625638989629
RELIANCE,2023-06-20,998.76,182989,-0.00012013455069681545
RELIANCE,2023-06-21,1000.67,398356,0.0019123713404620712
RELIANCE,2023-06-22,1003.94,395972,0.0032678105669201596
RELIANCE,2023-06-23,1009.01,365564,0.005050102595772543
RELIANCE,2023-06-26,1013.74,224019,0.004687763253089727
RELIANCE,2023-06-27,1013.01,165726,-0.0007201057470357375
RELIANCE,2023-06-28,1003.51,281408,-0.009377992319917872
RELIANCE,2023-06-29,997.55,218015,-0.0059391535709659715
RELIANCE,2023-06-30,974.37,263817,-0.023236930479675122
RELIANCE,2023-07-03,971.69,465890,-0.0027504951917648457
RELIANCE,2023-07-04,962.85,172991,-0.009097551688295735
RELIANCE,2023-07-05,964.38,104014,0.0015890325595886434
RELIANCE,2023-07-06,974.96,297392,0.010970779153445687
RELIANCE,2023-07-07,975.47,258823,0.0005230983835233793
RELIANCE,2023-07-10,986.3,467654,0.0111023404102637
RELIANCE,2023-07-11,996.84,154748,0.01068640373111629
RELIANCE,2023-07-12,990.17,129592,-0.006691144015087747
RELIANCE,2023-07-13,973.25,372791,-0.01708797479220736
RELIANCE,2023-07-14,973.49,320984,0.0002465964551758848
RELIANCE,2023-07-17,982.21,472771,0.008957462326269372
RELIANCE,2023-07-18,987.92,368799,0.00581342075523561
RELIANCE,2023-07-19,999.28,337549,0.011498906794072505
RELIANCE,2023-07-20,1001.6,224046,0.002321671603554565
RELIANCE,2023-07-21,1003.36,132097,0.001757188498402451
RELIANCE,2023-07-24,1005.01,330229,0.001644474565460019
RELIANCE,2023-07-25,996.45,218834,-0.008517328185789097
RELIANCE,2023-07-26,1019.6,281372,0.023232475287269683
RELIANCE,2023-07-27,1000.93,384821,-0.018311102393095413
RELIANCE,2023-07-28,996.78,170313,-0.004146144086000003
RELIANCE,2023-07-31,997.58,489957,0.000802584321515365
RELIANCE,2023-08-01,1001.13,213632,0.0035586118406543132
RELIANCE,2023-08-02,982.32,351451,-0.018788768691378688
RELIANCE,2023-08-03,987.82,187235,0.0055989901457773605
RELIANCE,2023-08-04,975.11,297484,-0.012866716608288975
RELIANCE,2023-08-07,971.36,311810,-0.003845719970054673
RELIANCE,2023-08-08,958.45,303687,-0.013290644045461986
RELIANCE,2023-08-09,938.2,186672,-0.02112786269497624
RELIANCE,2023-08-10,940.07,173847,0.0019931784267746
RELIANCE,2023-08-11,935.62,474710,-0.0047336900443584184
RELIANCE,2023-08-14,918.93,125945,-0.017838438682371116
RELIANCE,2023-08-15,923.98,174740,0.005495521965764638
RELIANCE,2023-08-16,932.64,478496,0.009372497240200062
RELIANCE,2023-08-17,929.29,277247,-0.0035919540229885083
RELIANCE,2023-08-18,926.12,238877,-0.0034112064048896773
RELIANCE,2023-08-21,927.95,129375,0.0019759858333694424
RELIANCE,2023-08-22,933.73,240734,0.006228783878441613
RELIANCE,2023-08-23,950.29,316139,0.01773531963201358
RELIANCE,2023-08-24,945.66,167215,-0.0048721969083121985
RELIANCE,2023-08-25,938.86,275150,-0.007190745088086592
RELIANCE,2023-08-28,936.22,440976,-0.002811920840167903
RELIANCE,2023-08-29,943.22,418717,0.007476875093460844
RELIANCE,2023-08-30,949.21,159101,0.006350586289518789
RELIANCE,2023-08-31,945.01,310677,-0.004424732145679067
RELIANCE,2023-09-01,946.41,460260,0.0014814658045947393
RELIANCE,2023-09-04,943.16,296489,-0.0034340296488837296
RELIANCE,2023-09-05,948.41,123289,0.005566393825013893
RELIANCE,2023-09-06,948.43,404119,2.1087926107776767e-05
RELIANCE,2023-09-07,955.99,109540,0.007971067975496515
RELIANCE,2023-09-08,965.71,288751,0.010167470371029053
RELIANCE,2023-09-11,981.16,466326,0.015998591709726506
RELIANCE,2023-09-12,992.88,290347,0.011945044641037184
RELIANCE,2023-09-13,998.2,111938,0.0053581500282009475
RELIANCE,2023-09-14,992.04,463186,-0.006171107994390024
RELIANCE,2023-09-15,1013.16,455754,0.021289464134510716
RELIANCE,2023-09-18,1011.64,138304,-0.0015002566228433656
RELIANCE,2023-09-19,1017.52,431593,0.005812344312206008
RELIANCE,2023-09-20,1010.83,400638,-0.006574809340356924
RELIANCE,2023-09-21,1002.15,365517,-0.008587002760108042
RELIANCE,2023-09-22,997.29,125351,-0.004849573417153086
RELIANCE,2023-09-25,999.36,188668,0.002075624943597143
RELIANCE,2023-09-26,993.47,103267,-0.005893772014089027
RELIANCE,2023-09-27,1001.97,182745,0.008555869829989904
RELIANCE,2023-09-28,1011.49,231484,0.009501282473527217
RELIANCE,2023-09-29,1026.01,107543,0.01435506035650369
RELIANCE,2023-10-02,1034.14,323992,0.007923899377199062
RELIANCE,2023-10-03,1040.44,406569,0.006092018488792483
RELIANCE,2023-10-04,1057.22,214352,0.016127792087962778
RELIANCE,2023-10-05,1038.47,445186,-0.017735192296778335
RELIANCE,2023-10-06,1020.6,296582,-0.01720800793475019
RELIANCE,2023-10-09,1008.39,319798,-0.01196355085243983
RELIANCE,2023-10-10,1023.92,212856,0.015400787393766269
RELIANCE,2023-10-11,1019.53,430594,-0.0042874443315883415
RELIANCE,2023-10-12,1032.58,219180,0.01280001569350575
RELIANCE,2023-10-13,1032.79,166234,0.00020337407271120433
RELIANCE,2023-10-16,1036.71,151934,0.003795544108676552
RELIANCE,2023-10-17,1035.47,295967,-0.0011960914817065182
RELIANCE,2023-10-18,1022.04,239407,-0.012969955672303413
RELIANCE,2023-10-19,988.4,449044,-0.03291456303080109
RELIANCE,2023-10-20,990.42,242202,0.0020437070012140346
RELIANCE,2023-10-23,982.37,449652,-0.008127864946184449
RELIANCE,2023-10-24,990.08,389336,0.007848366705009324
RELIANCE,2023-10-25,996.75,363206,0.006736829347123496
RELIANCE,2023-10-26,996.63,373318,-0.0001203912716327693
RELIANCE,2023-10-27,987.66,450605,-0.009000331115860516
RELIANCE,2023-10-30,966.76,138102,-0.021161128323512135
RELIANCE,2023-10-31,984.46,174460,0.018308577102900347
RELIANCE,2023-11-01,976.2,303339,-0.008390386607886602
RELIANCE,2023-11-02,972.99,279208,-0.0032882606023356686
RELIANCE,2023-11-03,979.13,308124,0.006310445122765795
RELIANCE,2023-11-06,992.71,101542,0.013869455537058428
RELIANCE,2023-11-07,978.31,293928,-0.014505746894863614
RELIANCE,2023-11-08,974.48,455249,-0.003914914495405264
RELIANCE,2023-11-09,958.66,128295,-0.01623429931861098
RELIANCE,2023-11-10,959.45,113807,0.0008240669267520762
RELIANCE,2023-11-13,962.35,494540,0.003022565011204348
RELIANCE,2023-11-14,960.48,453411,-0.0019431599729827775
RELIANCE,2023-11-15,973.74,303196,0.013805597201399289
RELIANCE,2023-11-16,964.2,348683,-0.00979727648037465
RELIANCE,2023-11-17,943.83,324786,-0.021126322339763526
RELIANCE,2023-11-20,959.53,115485,0.016634351525168567
RELIANCE,2023-11-21,956.51,240507,-0.003147374235302647
RELIANCE,2023-11-22,956.46,365853,-5.227336880953004e-05
RELIANCE,2023-11-23,959.69,414368,0.003377036154151858
RELIANCE,2023-11-24,951.42,139298,-0.008617366024445516
RELIANCE,2023-11-27,956.34,330907,0.005171217758718649
RELIANCE,2023-11-28,957.23,390160,0.0009306313654140475
RELIANCE,2023-11-29,957.81,342804,0.0006059149838595346
RELIANCE,2023-11-30,949.36,476965,-0.008822208997609104
RELIANCE,2023-12-01,930.4,382703,-0.01997134911940679
RELIANCE,2023-12-04,936.39,455540,0.006438091143594171
RELIANCE,2023-12-05,941.12,214065,0.005051314089214998
RELIANCE,2023-12-06,941.67,433870,0.0005844100646037464
RELIANCE,2023-12-07,956.18,414782,0.015408795013114984
RELIANCE,2023-12-08,965.77,210133,0.01002949235499595
RELIANCE,2023-12-11,974.49,255576,0.00902906489122679
RELIANCE,2023-12-12,976.33,441003,0.0018881671438393255
RELIANCE,2023-12-13,967.57,481300,-0.008972376143312144
RELIANCE,2023-12-14,965.22,260775,-0.002428764843887321
RELIANCE,2023-12-15,969.85,464167,0.0047968338824309065
RELIANCE,2023-12-18,959.44,446809,-0.010733618600814565
RELIANCE,2023-12-19,951.87,227016,-0.007890019177853813
RELIANCE,2023-12-20,943.12,366979,-0.00919243173962836
RELIANCE,2023-12-21,924.0,419187,-0.020273135974213208
RELIANCE,2023-12-22,927.62,266619,0.003917748917748876
RELIANCE,2023-12-25,921.16,222402,-0.0069640585584614945
RELIANCE,2023-12-26,917.12,218012,-0.004385774458291691
RELIANCE,2023-12-27,915.89,150990,-0.0013411549197488437
RELIANCE,2023-12-28,922.38,229473,0.007086003777746264
RELIANCE,2023-12-29,910.07,101015,-0.013345909495002028
INFOSYS,2023-01-02,1021.27,342926,
INFOSYS,2023-01-03,1016.58,212816,-0.004592321325408544
INFOSYS,2023-01-04,1030.31,293752,0.013506069369847884
INFOSYS,2023-01-05,1023.53,382453,-0.006580543719851284
INFOSYS,2023-01-06,1026.11,251456,0.002520688206500976
INFOSYS,2023-01-09,1038.44,380161,0.012016255567142142
INFOSYS,2023-01-10,1041.86,240932,0.003293401640922733
INFOSYS,2023-01-11,1060.98,335365,0.018351793907050995
INFOSYS,2023-01-12,1062.64,300244,0.0015645912269788287
INFOSYS,2023-01-13,1070.72,373060,0.007603703982534071
INFOSYS,2023-01-16,1064.28,483432,-0.006014644351464482
INFOSYS,2023-01-17,1077.84,138765,0.012741008005412002
INFOSYS,2023-01-18,1069.35,419235,-0.007876864840792752
INFOSYS,2023-01-19,1059.99,121949,-0.008752980782718356
INFOSYS,2023-01-20,1063.35,192193,0.003169841224917036
INFOSYS,2023-01-23,1068.29,136187,0.004645695208539191
INFOSYS,2023-01-24,1033.51,412066,-0.032556702767974954
INFOSYS,2023-01-25,1030.83,194074,-0.0025931050497818298
INFOSYS,2023-01-26,1040.2,436107,0.009089762618472719
INFOSYS,2023-01-27,1034.51,206884,-0.0054701019034801845
INFOSYS,2023-01-30,1028.87,115254,-0.005451856434447344
INFOSYS,2023-01-31,1054.27,144238,0.024687278276167124
INFOSYS,2023-02-01,1060.2,415826,0.00562474508427635
INFOSYS,2023-02-02,1072.33,421638,0.011441237502358037
INFOSYS,2023-02-03,1082.92,238013,0.009875691251760355
INFOSYS,2023-02-06,1065.33,125934,-0.01624312045211107
INFOSYS,2023-02-07,1074.19,456600,0.008316671829386335
INFOSYS,2023-02-08,1072.82,415557,-0.001275379588341119
INFOSYS,2023-02-09,1081.48,170390,0.00807218359091011
INFOSYS,2023-02-10,1080.44,283401,-0.0009616451529385062
INFOSYS,2023-02-13,1063.41,225911,-0.015762096923475633
INFOSYS,2023-02-14,1062.85,464612,-0.000526607799437806
INFOSYS,2023-02-15,1062.79,169836,-5.6451992284878294e-05
INFOSYS,2023-02-16,1066.82,204573,0.003791906209128726
INFOSYS,2023-02-17,1053.78,347666,-0.01222324290883181
INFOSYS,2023-02-20,1060.47,237326,0.006348573706086658
INFOSYS,2023-02-21,1049.46,470359,-0.010382189029392586
INFOSYS,2023-02-22,1054.34,272312,0.0046500104815809795
INFOSYS,2023-02-23,1053.71,431868,-0.0005975302084715306
INFOSYS,2023-02-24,1063.26,477503,0.0090632147365024
INFOSYS,2023-02-27,1058.8,157108,-0.004194646652747269
INFOSYS,2023-02-28,1054.04,211195,-0.004495655459010206
INFOSYS,2023-03-01,1051.68,139749,-0.002239004212363782
INFOSYS,2023-03-02,1050.91,230560,-0.0007321618743343361
INFOSYS,2023-03-03,1029.45,324301,-0.020420397560209747
INFOSYS,2023-03-06,1034.58,151745,0.004983243479527832
INFOSYS,2023-03-07,1030.84,312890,-0.0036149935239421227
INFOSYS,2023-03-08,1022.65,123624,-0.007944976912032886
INFOSYS,2023-03-09,1022.23,274293,-0.00041069769715929016
INFOSYS,2023-03-10,1013.23,359127,-0.008804280836993583
INFOSYS,2023-03-13,1012.11,310176,-0.0011053758771453204
INFOSYS,2023-03-14,1009.9,290471,-0.0021835571232375894
INFOSYS,2023-03-15,1002.54,493518,-0.007287850282206132
INFOSYS,2023-03-16,1008.33,493271,0.005775330660123368
INFOSYS,2023-03-17,1032.07,173686,0.02354387948389891
INFOSYS,2023-03-20,1028.97,167661,-0.0030036722315346376
INFOSYS,2023-03-21,1045.42,366765,0.01598686064705479
INFOSYS,2023-03-22,1042.93,246106,-0.002381817833980615
INFOSYS,2023-03-23,1051.44,380174,0.00815970391109655
INFOSYS,2023-03-24,1041.56,444982,-0.009396636993076246
INFOSYS,2023-03-27,1072.35,218033,0.029561427090134096
INFOSYS,2023-03-28,1083.54,205977,0.010435025877745252
INFOSYS,2023-03-29,1071.85,146271,-0.010788711076656243
INFOSYS,2023-03-30,1055.26,435832,-0.015477912021271578
INFOSYS,2023-03-31,1047.54,101062,-0.007315732615658765
INFOSYS,2023-04-03,1053.31,347736,0.005508142887145073
INFOSYS,2023-04-04,1037.7,234668,-0.014819948543163819
INFOSYS,2023-04-05,1039.77,471923,0.0019947961838682193
INFOSYS,2023-04-06,1018.0,182152,-0.020937322677130554
INFOSYS,2023-04-07,1014.09,225036,-0.003840864440078584
INFOSYS,2023-04-10,1039.82,126069,0.02537250145450587
INFOSYS,2023-04-11,1033.58,310977,-0.006001038641303302
INFOSYS,2023-04-12,1054.43,123275,0.02017260395905507
INFOSYS,2023-04-13,1068.34,172274,0.013191961533719487
INFOSYS,2023-04-14,1053.11,285625,-0.014255761274500678
INFOSYS,2023-04-17,1041.75,148447,-0.010787097264293277
INFOSYS,2023-04-18,1022.61,379404,-0.01837293016558672
INFOSYS,2023-04-19,1032.02,212581,0.00920194404513941
INFOSYS,2023-04-20,1018.04,216421,-0.013546249103699504
INFOSYS,2023-04-21,1023.67,101605,0.005530234568386305
INFOSYS,2023-04-24,1017.16,287210,-0.006359471313997611
INFOSYS,2023-04-25,1012.29,361949,-0.0047878406543709895
INFOSYS,2023-04-26,1020.26,318958,0.007873237906133701
INFOSYS,2023-04-27,1021.72,338213,0.0014310077823300738
INFOSYS,2023-04-28,1021.63,375378,-8.808675566696067e-05
INFOSYS,2023-05-01,1026.14,360669,0.0044145140608635725
INFOSYS,2023-05-02,1027.14,441383,0.0009745258931530554
INFOSYS,2023-05-03,1034.65,344761,0.007311564148996252
INFOSYS,2023-05-04,1043.98,237541,0.009017542164016845
INFOSYS,2023-05-05,1036.36,404245,-0.007298990402115124
INFOSYS,2023-05-08,1027.27,276659,-0.008771083407310143
INFOSYS,2023-05-09,1033.65,335659,0.006210635957440758
INFOSYS,2023-05-10,1036.25,341983,0.002515358196681472
INFOSYS,2023-05-11,1027.21,142533,-0.008723763570566923
INFOSYS,2023-05-12,1015.82,361987,-0.011088287691903287
INFOSYS,2023-05-15,1018.49,467436,0.0026284184205862537
INFOSYS,2023-05-16,1011.97,342353,-0.006401633791200734
INFOSYS,2023-05-17,1012.45,290455,0.0004743223613348224
INFOSYS,2023-05-18,1006.43,208872,-0.005945972640624353
INFOSYS,2023-05-19,1014.03,347754,0.007551444213705905
INFOSYS,2023-05-22,1037.93,142078,0.023569322406634896
INFOSYS,2023-05-23,1031.89,468432,-0.00581927490293177
INFOSYS,2023-05-24,1036.4,405073,0.004370620899514455
INFOSYS,2023-05-25,1042.84,227309,0.006213817059050442
INFOSYS,2023-05-26,1037.75,348320,-0.0048809021518161355
INFOSYS,2023-05-29,1025.34,236487,-0.011958564201397293
INFOSYS,2023-05-30,1031.13,158596,0.005646907367312437
INFOSYS,2023-05-31,1036.1,483245,0.004819954806862148
INFOSYS,2023-06-01,1041.26,115524,0.004980214265032368
INFOSYS,2023-06-02,1046.02,255002,0.004571384668574652
INFOSYS,2023-06-05,1053.44,248056,0.0070935546165467045
INFOSYS,2023-06-06,1055.88,114060,0.0023162211421627887
INFOSYS,2023-06-07,1072.97,290279,0.016185551388415265
INFOSYS,2023-06-08,1081.22,306118,0.007688938180937077
INFOSYS,2023-06-09,1086.74,435484,0.005105343963300646
INFOSYS,2023-06-12,1089.7,318134,0.0027237425695199047
INFOSYS,2023-06-13,1109.68,167728,0.018335321648160097
INFOSYS,2023-06-14,1093.88,265088,-0.014238338980607002
INFOSYS,2023-06-15,1100.75,489940,0.00628039638717226
INFOSYS,2023-06-16,1077.36,192263,-0.021249148307971977
INFOSYS,2023-06-19,1068.51,154917,-0.008214524392960443
INFOSYS,2023-06-20,1071.38,323810,0.0026859832851355847
INFOSYS,2023-06-21,1056.59,443054,-0.013804625809703541
INFOSYS,2023-06-22,1068.03,482574,0.010827283998523507
INFOSYS,2023-06-23,1074.36,231994,0.005926799808994021
INFOSYS,2023-06-26,1097.06,198723,0.02112885811087528
INFOSYS,2023-06-27,1106.77,364480,0.008850928846188877
INFOSYS,2023-06-28,1113.97,465821,0.006505416662901942
INFOSYS,2023-06-29,1120.56,465060,0.005915778701401253
INFOSYS,2023-06-30,1111.47,343322,-0.00811201542086093
INFOSYS,2023-07-03,1107.41,254782,-0.00365282013909507
INFOSYS,2023-07-04,1110.01,260558,0.002347820590386407
INFOSYS,2023-07-05,1122.88,164772,0.011594490139728686
INFOSYS,2023-07-06,1118.43,226108,-0.003963023653462572
INFOSYS,2023-07-07,1126.0,382753,0.006768416440903646
INFOSYS,2023-07-10,1116.78,247550,-0.008188277087033735
INFOSYS,2023-07-11,1130.09,486858,0.01191819337738842
INFOSYS,2023-07-12,1150.08,230330,0.017688856639736628
INFOSYS,2023-07-13,1139.5,114153,-0.0091993600445186
INFOSYS,2023-07-14,1134.37,176325,-0.004501974550241483
INFOSYS,2023-07-17,1130.3,477177,-0.0035878946022902536
INFOSYS,2023-07-18,1115.78,176077,-0.012846147040608713
INFOSYS,2023-07-19,1123.4,435463,0.0068293032676693954
INFOSYS,2023-07-20,1125.52,225885,0.0018871283603345557
INFOSYS,2023-07-21,1122.83,191751,-0.0023900063970432317
INFOSYS,2023-07-24,1118.43,330203,-0.003918669789727658
INFOSYS,2023-07-25,1109.68,311951,-0.007823466824030123
INFOSYS,2023-07-26,1111.73,295716,0.001847379424698925
INFOSYS,2023-07-27,1113.89,414473,0.0019429177947882792
INFOSYS,2023-07-28,1118.32,127632,0.00397705338947274
INFOSYS,2023-07-31,1137.14,350869,0.016828814650547308
INFOSYS,2023-08-01,1150.59,317138,0.011827919165625866
INFOSYS,2023-08-02,1152.43,234869,0.0015991795513607965
INFOSYS,2023-08-03,1153.43,278954,0.0008677316626606313
INFOSYS,2023-08-04,1143.53,232717,-0.008583095636492954
INFOSYS,2023-08-07,1142.28,278595,-0.0010931064335871765
INFOSYS,2023-08-08,1142.83,481863,0.000481493154042667
INFOSYS,2023-08-09,1153.77,430388,0.009572727352274768
INFOSYS,2023-08-10,1167.75,157545,0.012116799708780768
INFOSYS,2023-08-11,1160.84,401368,-0.0059173624491544174
INFOSYS,2023-08-14,1169.37,339690,0.007348127218221201
INFOSYS,2023-08-15,1146.16,239649,-0.019848294380734766
INFOSYS,2023-08-16,1130.6,398512,-0.013575766036155623
INFOSYS,2023-08-17,1102.75,237855,-0.024632938262869164
INFOSYS,2023-08-18,1100.16,346965,-0.0023486737701200466
INFOSYS,2023-08-21,1085.13,429670,-0.013661649214659621
INFOSYS,2023-08-22,1095.51,366901,0.009565674158856341
INFOSYS,2023-08-23,1088.53,119097,-0.006371461693640446
INFOSYS,2023-08-24,1085.84,196731,-0.0024712226580801966
INFOSYS,2023-08-25,1074.78,252638,-0.010185662712738464
INFOSYS,2023-08-28,1074.79,306592,9.304229702911115e-06
INFOSYS,2023-08-29,1076.37,101759,0.0014700546153201266
INFOSYS,2023-08-30,1076.51,386586,0.00013006679859173254
INFOSYS,2023-08-31,1076.27,193501,-0.0002229426572907256
INFOSYS,2023-09-01,1070.53,317516,-0.005333234225612493
INFOSYS,2023-09-04,1065.06,273532,-0.005109618600132704
INFOSYS,2023-09-05,1090.76,249521,0.024130095957035413
INFOSYS,2023-09-06,1079.69,164077,-0.010148887014558627
INFOSYS,2023-09-07,1082.04,237717,0.0021765506765829556
INFOSYS,2023-09-08,1100.22,481915,0.01680159698347561
INFOSYS,2023-09-11,1094.58,481758,-0.005126247477777235
INFOSYS,2023-09-12,1058.9,427299,-0.0325969778362476
INFOSYS,2023-09-13,1061.8,402950,0.002738691094531953
INFOSYS,2023-09-14,1059.25,410914,-0.0024015822188735436
INFOSYS,2023-09-15,1045.17,437773,-0.0132924238848241
INFOSYS,2023-09-18,1037.39,483137,-0.007443765129117708
INFOSYS,2023-09-19,1033.78,205947,-0.0034798870241665725
INFOSYS,2023-09-20,1033.08,388543,-0.0006771266613786464
INFOSYS,2023-09-21,1042.44,473048,0.00906028574747375
INFOSYS,2023-09-22,1055.15,307606,0.012192548252177637
INFOSYS,2023-09-25,1047.45,163230,-0.007297540634033095
INFOSYS,2023-09-26,1041.21,345756,-0.005957324931977648
INFOSYS,2023-09-27,1024.12,434402,-0.016413595720363938
INFOSYS,2023-09-28,1034.22,139986,0.009862125532164256
INFOSYS,2023-09-29,1022.0,427073,-0.011815667846299616
INFOSYS,2023-10-02,1029.13,173506,0.0069765166340509666
INFOSYS,2023-10-03,1037.27,475597,0.007909593540174509
INFOSYS,2023-10-04,1027.87,184458,-0.009062249944566059
INFOSYS,2023-10-05,1025.11,166358,-0.0026851644663236085
INFOSYS,2023-10-06,1014.53,147057,-0.010320843616782538
INFOSYS,2023-10-09,1017.8,262491,0.00322316737799766
INFOSYS,2023-10-10,1005.28,481009,-0.012301041461976747
INFOSYS,2023-10-11,992.87,330785,-0.01234481935381182
INFOSYS,2023-10-12,984.71,194914,-0.0082185986080755
INFOSYS,2023-10-13,969.14,114596,-0.01581176183851085
INFOSYS,2023-10-16,975.2,232351,0.006252966547660943
INFOSYS,2023-10-17,954.38,238155,-0.02134946677604599
INFOSYS,2023-10-18,971.35,220674,0.017781177308828777
INFOSYS,2023-10-19,981.06,317215,0.009996396767385507
INFOSYS,2023-10-20,980.75,282992,-0.00031598475118743696
INFOSYS,2023-10-23,1003.54,135367,0.023237318378791727
INFOSYS,2023-10-24,975.7,337804,-0.027741794049066182
INFOSYS,2023-10-25,962.12,248757,-0.013918212565337762
INFOSYS,2023-10-26,957.42,492426,-0.004885045524466891
INFOSYS,2023-10-27,946.98,356028,-0.010904305320548868
INFOSYS,2023-10-30,944.75,307980,-0.002354854379184368
INFOSYS,2023-10-31,955.78,418277,0.011675046308547099
INFOSYS,2023-11-01,967.3,423412,0.012052982904015463
INFOSYS,2023-11-02,967.21,257729,-9.304248940344984e-05
INFOSYS,2023-11-03,980.81,328504,0.014061062230539267
INFOSYS,2023-11-06,998.92,148756,0.018464330502339976
INFOSYS,2023-11-07,998.71,140809,-0.00021022704520878843
INFOSYS,2023-11-08,994.47,181182,-0.004245476664897718
INFOSYS,2023-11-09,988.0,129402,-0.0065059780586644855
INFOSYS,2023-11-10,1004.21,147924,0.01640688259109324
INFOSYS,2023-11-13,1019.91,436326,0.015634180101771422
INFOSYS,2023-11-14,1031.78,463476,0.01163828180917914
INFOSYS,2023-11-15,1034.35,451707,0.0024908410707709105
INFOSYS,2023-11-16,1030.16,201371,-0.004050853192826276
INFOSYS,2023-11-17,1044.71,138709,0.014124019569775603
INFOSYS,2023-11-20,1041.23,111555,-0.00333106795187188
INFOSYS,2023-11-21,1043.21,153276,0.0019015971495250916
INFOSYS,2023-11-22,1027.97,451743,-0.01460875566760289
INFOSYS,2023-11-23,1019.99,322320,-0.007762872457367398
INFOSYS,2023-11-24,1027.47,478165,0.00733340522946313
INFOSYS,2023-11-27,1042.48,284374,0.014608699037441442
INFOSYS,2023-11-28,1047.41,220900,0.004729107512853936
INFOSYS,2023-11-29,1049.26,159129,0.0017662615403708504
INFOSYS,2023-11-30,1043.5,221789,-0.005489583134780651
INFOSYS,2023-12-01,1044.72,255130,0.0011691423095352427
INFOSYS,2023-12-04,1027.83,263993,-0.01616701125660469
INFOSYS,2023-12-05,1037.7,232596,0.009602755319459533
INFOSYS,2023-12-06,1025.02,417056,-0.012219331213260132
INFOSYS,2023-12-07,1011.73,134008,-0.012965600671206334
INFOSYS,2023-12-08,1019.41,472760,0.00759095806193355
INFOSYS,2023-12-11,1035.42,375494,0.01570516279024159
INFOSYS,2023-12-12,1045.28,369104,0.009522705761912942
INFOSYS,2023-12-13,1039.33,280553,-0.005692254706872846
INFOSYS,2023-12-14,1041.51,251563,0.0020975051234930486
INFOSYS,2023-12-15,1060.97,232413,0.018684410135284324
INFOSYS,2023-12-18,1073.81,167957,0.012102132953806244
INFOSYS,2023-12-19,1080.7,205423,0.006416405136849157
INFOSYS,2023-12-20,1076.17,293624,-0.004191727583973348
INFOSYS,2023-12-21,1082.5,351147,0.005881970320674279
INFOSYS,2023-12-22,1086.79,243254,0.003963048498845323
INFOSYS,2023-12-25,1088.87,187833,0.0019138932084394877
INFOSYS,2023-12-26,1097.05,144813,0.0075123752146721845
INFOSYS,2023-12-27,1098.39,268270,0.0012214575452351717
INFOSYS,2023-12-28,1087.58,442703,-0.00984167736414221
INFOSYS,2023-12-29,1098.11,304615,0.009682046378197473
HDFC,2023-01-02,1055.65,387654,
HDFC,2023-01-03,1069.22,166150,0.012854639321744799
HDFC,2023-01-04,1042.09,187312,-0.025373636856774184
HDFC,2023-01-05,1029.35,135435,-0.012225431584603985
HDFC,2023-01-06,1043.49,458587,0.013736824209452658
HDFC,2023-01-09,1053.68,234055,0.00976530680696519
HDFC,2023-01-10,1053.18,251734,-0.00047452737073871987
HDFC,2023-01-11,1067.62,194071,0.01371085664368854
HDFC,2023-01-12,1048.57,368784,-0.0178434274367284
HDFC,2023-01-13,1069.0,369708,0.019483677770678165
HDFC,2023-01-16,1073.85,258417,0.0045369504209540334
HDFC,2023-01-17,1047.38,437003,-0.02464962518042535
HDFC,2023-01-18,1054.67,311837,0.006960224560331518
HDFC,2023-01-19,1043.73,225341,-0.010372912854257788
HDFC,2023-01-20,1020.02,391574,-0.022716602952871034
HDFC,2023-01-23,1015.64,431490,-0.00429403345032453
HDFC,2023-01-24,1003.78,458266,-0.01167736599582525
HDFC,2023-01-25,998.6,173972,-0.005160493335192973
HDFC,2023-01-26,1012.7,293259,0.014119767674744654
HDFC,2023-01-27,1021.9,420750,0.009084625259208057
HDFC,2023-01-30,1025.03,464809,0.0030629220080242714
HDFC,2023-01-31,1022.37,350195,-0.002595045998653678
HDFC,2023-02-01,1015.73,243748,-0.006494713264278085
HDFC,2023-02-02,997.11,265873,-0.018331643251651486
HDFC,2023-02-03,994.11,286691,-0.003008695128922545
HDFC,2023-02-06,1000.79,288847,0.006719578316282782
HDFC,2023-02-07,1016.93,321888,0.01612725946502258
HDFC,2023-02-08,1014.48,305763,-0.0024092120401599804
HDFC,2023-02-09,1005.64,143001,-0.008713823830928225
HDFC,2023-02-10,999.16,328731,-0.006443657770176192
HDFC,2023-02-13,1007.18,231878,0.008026742463669523
HDFC,2023-02-14,1030.27,279352,0.02292539565916729
HDFC,2023-02-15,1023.64,386406,-0.006435206305143271
HDFC,2023-02-16,1025.3,403988,0.0016216638662029936
HDFC,2023-02-17,1030.22,426898,0.00479859553301476
HDFC,2023-02-20,1014.52,161665,-0.015239463415581134
HDFC,2023-02-21,1015.26,346584,0.0007294089815874649
HDFC,2023-02-22,1009.03,286626,-0.006136359159230165
HDFC,2023-02-23,1003.48,245271,-0.005500332002021713
HDFC,2023-02-24,998.52,166262,-0.00494279905927375
HDFC,2023-02-27,996.84,408744,-0.0016824900853262825
HDFC,2023-02-28,993.1,356689,-0.003751855864531972
HDFC,2023-03-01,981.37,474999,-0.011811499345483867
HDFC,2023-03-02,980.5,154028,-0.0008865157891518871
HDFC,2023-03-03,989.95,369431,0.00963793982661909
HDFC,2023-03-06,967.49,143642,-0.022688014546189184
HDFC,2023-03-07,958.71,427304,-0.00907502919926817
HDFC,2023-03-08,958.02,404664,-0.0007197171198799479
HDFC,2023-03-09,956.14,426916,-0.001962380743616987
HDFC,2023-03-10,947.08,467739,-0.00947559980755952
HDFC,2023-03-13,956.83,133742,0.010294800861595732
HDFC,2023-03-14,957.29,468676,0.00048075415695580936
HDFC,2023-03-15,950.98,488411,-0.006591523989595616
HDFC,2023-03-16,951.41,184082,0.00045216513491341814
HDFC,2023-03-17,961.72,228322,0.010836547860543888
HDFC,2023-03-20,974.95,349690,0.013756602753400182
HDFC,2023-03-21,963.64,359820,-0.011600594902302697
HDFC,2023-03-22,965.21,119623,0.001629239134946614
HDFC,2023-03-23,982.52,298747,0.017933921115611984
HDFC,2023-03-24,990.73,459768,0.00835606399869726
HDFC,2023-03-27,995.8,257364,0.005117438656344175
HDFC,2023-03-28,1005.89,233541,0.010132556738300824
HDFC,2023-03-29,1021.2,153947,0.015220352125977943
HDFC,2023-03-30,1019.53,253962,-0.0016353309831571572
HDFC,2023-03-31,1021.0,142534,0.001441840848233955
HDFC,2023-04-03,1024.69,289004,0.003614103819784553
HDFC,2023-04-04,1020.75,192124,-0.0038450653368335974
HDFC,2023-04-05,1012.93,175418,-0.0076610335537595775
HDFC,2023-04-06,1006.78,228232,-0.006071495562378404
HDFC,2023-04-07,993.18,268383,-0.01350841296013039
HDFC,2023-04-10,1000.64,393719,0.007511226565174445
HDFC,2023-04-11,998.43,176242,-0.0022085865046370667
HDFC,2023-04-12,1000.33,278589,0.0019029876906744292
HDFC,2023-04-13,999.87,244353,-0.0004598482500774992
HDFC,2023-04-14,996.57,423390,-0.00330042905577721
HDFC,2023-04-17,984.71,257732,-0.01190081981195501
HDFC,2023-04-18,980.72,498300,-0.004051954382508605
HDFC,2023-04-19,975.17,478097,-0.005659107594420454
HDFC,2023-04-20,980.09,238563,0.005045274157326585
HDFC,2023-04-21,990.82,485941,0.010947974165637975
HDFC,2023-04-24,980.56,426032,-0.01035505944571169
HDFC,2023-04-25,962.46,383097,-0.018458839846618114
HDFC,2023-04-26,972.11,476826,0.010026390707146282
HDFC,2023-04-27,966.24,449410,-0.006038411290903323
HDFC,2023-04-28,985.35,252499,0.019777694982612948
HDFC,2023-05-01,1001.01,391385,0.015892829958897847
HDFC,2023-05-02,1000.35,327286,-0.0006593340725866703
HDFC,2023-05-03,983.34,332732,-0.01700404858299598
HDFC,2023-05-04,979.27,485539,-0.004138954990135724
HDFC,2023-05-05,964.79,313030,-0.014786524656121403
HDFC,2023-05-08,942.8,299950,-0.022792524798142644
HDFC,2023-05-09,949.29,385555,0.0068837505303351865
HDFC,2023-05-10,959.16,440941,0.010397244256233673
HDFC,2023-05-11,954.32,152930,-0.005046081988406392
HDFC,2023-05-12,950.78,348656,-0.003709447564758217
HDFC,2023-05-15,955.08,358916,0.004522602494793748
HDFC,2023-05-16,957.52,284403,0.0025547598106965275
HDFC,2023-05-17,942.26,490530,-0.015937003926810966
HDFC,2023-05-18,935.34,367770,-0.007344045168000246
HDFC,2023-05-19,944.32,495196,0.00960078687963728
HDFC,2023-05-22,942.26,279362,-0.002181463910538861
HDFC,2023-05-23,943.0,126385,0.0007853458705664451
HDFC,2023-05-24,940.7,380783,-0.0024390243902439046
HDFC,2023-05-25,928.55,477816,-0.012915913681301294
HDFC,2023-05-26,930.09,498992,0.0016584998115340976
HDFC,2023-05-29,946.35,270182,0.01748217914395389
HDFC,2023-05-30,921.54,292860,-0.02621651608812814
HDFC,2023-05-31,923.51,222413,0.0021377259804240545
HDFC,2023-06-01,930.6,362670,0.007677231432253073
HDFC,2023-06-02,920.29,373680,-0.011078873844831305
HDFC,2023-06-05,919.79,128541,-0.0005433070010539831
HDFC,2023-06-06,913.03,466245,-0.007349503691059911
HDFC,2023-06-07,931.04,427599,0.019725529281622745
HDFC,2023-06-08,923.63,367253,-0.007958841725382304
HDFC,2023-06-09,923.49,411412,-0.00015157584747138575
HDFC,2023-06-12,908.95,185708,-0.015744620948792032
HDFC,2023-06-13,928.6,291184,0.021618350844380796
HDFC,2023-06-14,924.08,293118,-0.004867542537152714
HDFC,2023-06-15,899.84,468805,-0.02623149510864864
HDFC,2023-06-16,910.08,164288,0.011379800853485111
HDFC,2023-06-19,899.14,151195,-0.012020921237693494
HDFC,2023-06-20,889.47,139499,-0.01075472117801446
HDFC,2023-06-21,888.99,487960,-0.0005396472056393709
HDFC,2023-06-22,885.76,342997,-0.0036333367079495194
HDFC,2023-06-23,886.24,196347,0.0005419075144508234
HDFC,2023-06-26,891.49,122431,0.005923903231630279
HDFC,2023-06-27,909.3,423825,0.0199777899920357
HDFC,2023-06-28,911.39,474504,0.0022984713515892263
HDFC,2023-06-29,890.97,276076,-0.022405336902972306
HDFC,2023-06-30,877.11,312133,-0.01555607932927039
HDFC,2023-07-03,866.04,254470,-0.012620993946027337
HDFC,2023-07-04,872.36,227118,0.007297584407186752
HDFC,2023-07-05,862.58,430721,-0.011210967949011885
HDFC,2023-07-06,863.59,151047,0.0011709058869902034
HDFC,2023-07-07,860.85,433770,-0.0031728019083129277
HDFC,2023-07-10,877.87,225150,0.01977115641517102
HDFC,2023-07-11,891.7,257087,0.015754041031132315
HDFC,2023-07-12,895.42,464359,0.004171806661433131
HDFC,2023-07-13,893.7,359931,-0.001920886287998802
HDFC,2023-07-14,887.91,124826,-0.006478684122188771
HDFC,2023-07-17,898.8,200734,0.01226475656316528
HDFC,2023-07-18,911.97,305209,0.01465287049399211
HDFC,2023-07-19,913.95,395806,0.0021711240501331996
HDFC,2023-07-20,917.96,195081,0.004387548552984288
HDFC,2023-07-21,939.79,136877,0.023780992635844544
HDFC,2023-07-24,933.27,441292,-0.006937720128964986
HDFC,2023-07-25,928.43,183186,-0.005186066197349182
HDFC,2023-07-26,918.12,210198,-0.011104768264704856
HDFC,2023-07-27,912.82,364500,-0.005772665882455397
HDFC,2023-07-28,912.58,382193,-0.00026292149602336057
HDFC,2023-07-31,934.0,467505,0.023471914791032056
HDFC,2023-08-01,920.89,365064,-0.014036402569593154
HDFC,2023-08-02,932.87,345378,0.013009154187796579
HDFC,2023-08-03,931.12,335612,-0.0018759312658783722
HDFC,2023-08-04,923.52,378453,-0.008162213248560923
HDFC,2023-08-07,934.43,159321,0.011813496188496142
HDFC,2023-08-08,933.33,232028,-0.0011771882323983185
HDFC,2023-08-09,937.16,388107,0.0041035860842359995
HDFC,2023-08-10,947.47,201757,0.011001323146527797
HDFC,2023-08-11,949.72,172099,0.0023747453745237568
HDFC,2023-08-14,960.19,262932,0.011024301899507316
HDFC,2023-08-15,975.88,389102,0.016340515939553546
HDFC,2023-08-16,960.44,388161,-0.01582161741197685
HDFC,2023-08-17,966.44,391570,0.006247136728999125
HDFC,2023-08-18,977.78,379922,0.01173378585323448
HDFC,2023-08-21,968.89,349474,-0.009092024790852693
HDFC,2023-08-22,955.26,279436,-0.01406764441783892
HDFC,2023-08-23,967.73,419200,0.013054037644201655
HDFC,2023-08-24,966.46,119975,-0.001312349518977407
HDFC,2023-08-25,983.03,297133,0.017145044802681975
HDFC,2023-08-28,967.62,450541,-0.015676022094951336
HDFC,2023-08-29,941.53,276037,-0.026963064012732296
HDFC,2023-08-30,945.31,488076,0.00401474196255025
HDFC,2023-08-31,936.37,198317,-0.009457215093461313
HDFC,2023-09-01,934.98,301207,-0.0014844559308819782
HDFC,2023-09-04,953.09,300422,0.019369398275898897
HDFC,2023-09-05,961.94,408037,0.009285586880567465
HDFC,2023-09-06,948.69,429793,-0.013774247874087764
HDFC,2023-09-07,959.42,426818,0.011310333196302258
HDFC,2023-09-08,946.47,252999,-0.013497738216839306
HDFC,2023-09-11,958.08,448619,0.012266632856825943
HDFC,2023-09-12,942.52,144738,-0.01624081496325991
HDFC,2023-09-13,939.8,133397,-0.0028858804057209086
HDFC,2023-09-14,940.57,482729,0.0008193232602682343
HDFC,2023-09-15,927.74,438763,-0.013640664703318262
HDFC,2023-09-18,925.15,345011,-0.002791730441718654
HDFC,2023-09-19,937.48,441674,0.013327568502405018
HDFC,2023-09-20,924.52,398090,-0.013824294918291624
HDFC,2023-09-21,909.39,417348,-0.016365248994072545
HDFC,2023-09-22,914.43,323536,0.005542176623890782
HDFC,2023-09-25,892.89,332944,-0.023555657622781334
HDFC,2023-09-26,888.21,445454,-0.005241407116218122
HDFC,2023-09-27,906.12,249381,0.02016415036984487
HDFC,2023-09-28,903.53,443681,-0.0028583410585795166
HDFC,2023-09-29,901.57,297576,-0.0021692694210484476
HDFC,2023-10-02,908.85,258492,0.008074802843927698
HDFC,2023-10-03,909.37,270102,0.0005721516201793175
HDFC,2023-10-04,903.13,334554,-0.00686189339872656
HDFC,2023-10-05,897.76,260928,-0.005945987842281841
HDFC,2023-10-06,891.87,219273,-0.006560773480662974
HDFC,2023-10-09,891.97,272307,0.00011212396425497317
HDFC,2023-10-10,901.13,220030,0.010269403679495914
HDFC,2023-10-11,904.59,418647,0.0038396235837228065
HDFC,2023-10-12,883.58,179141,-0.023225991885826747
HDFC,2023-10-13,912.96,112115,0.033251092147853045
HDFC,2023-10-16,905.64,223008,-0.008017875920084183
HDFC,2023-10-17,910.69,254268,0.005576167130427079
HDFC,2023-10-18,921.42,210677,0.011782274978312968
HDFC,2023-10-19,919.78,346958,-0.0017798615180916189
HDFC,2023-10-20,928.48,246649,0.009458783622170674
HDFC,2023-10-23,933.44,225354,0.0053420644494226455
HDFC,2023-10-24,933.13,312112,-0.0003321049022969591
HDFC,2023-10-25,953.16,386233,0.0214653906743969
HDFC,2023-10-26,955.17,412282,0.0021087750220318835
HDFC,2023-10-27,965.68,273895,0.011003276903587933
HDFC,2023-10-30,971.86,343341,0.006399635490017541
HDFC,2023-10-31,973.27,381652,0.0014508262506944813
HDFC,2023-11-01,981.66,370269,0.008620423931694265
HDFC,2023-11-02,999.82,136059,0.01849927673532603
HDFC,2023-11-03,1003.24,105704,0.0034206157108278568
HDFC,2023-11-06,992.13,304456,-0.011074119851680608
HDFC,2023-11-07,989.51,476188,-0.002640782961910282
HDFC,2023-11-08,984.43,332549,-0.005133854129821924
HDFC,2023-11-09,996.32,136321,0.012078055321353531
HDFC,2023-11-10,984.05,435441,-0.012315320378994743
HDFC,2023-11-13,980.41,117772,-0.003698999034601913
HDFC,2023-11-14,987.93,465898,0.00767026040126062
HDFC,2023-11-15,973.24,215142,-0.014869474557913986
HDFC,2023-11-16,964.25,191736,-0.009237187127532742
HDFC,2023-11-17,975.34,489113,0.011501166709878108
HDFC,2023-11-20,960.72,334182,-0.014989644636742017
HDFC,2023-11-21,940.53,262396,-0.021015488383712255
HDFC,2023-11-22,951.24,466040,0.011387196580651349
HDFC,2023-11-23,961.88,458690,0.011185400109331
HDFC,2023-11-24,984.34,179973,0.023350106042333785
HDFC,2023-11-27,986.04,387681,0.0017270455330473666
HDFC,2023-11-28,979.04,439720,-0.007099103484645708
HDFC,2023-11-29,988.85,266703,0.010020019611047593
HDFC,2023-11-30,985.6,340069,-0.0032866461040602646
HDFC,2023-12-01,969.3,146819,-0.016538149350649456
HDFC,2023-12-04,971.01,435914,0.001764159702878354
HDFC,2023-12-05,977.81,258059,0.007003017476647999
HDFC,2023-12-06,983.56,440858,0.005880488029371689
HDFC,2023-12-07,996.75,426250,0.013410468095489847
HDFC,2023-12-08,997.62,159182,0.0008728367193377995
HDFC,2023-12-11,985.75,145379,-0.011898317996832497
HDFC,2023-12-12,1001.06,345900,0.015531321328937198
HDFC,2023-12-13,993.52,237084,-0.007532016062973157
HDFC,2023-12-14,990.71,281187,-0.002828327562605648
HDFC,2023-12-15,982.01,267450,-0.008781580886434992
HDFC,2023-12-18,972.16,273724,-0.010030447755114524
HDFC,2023-12-19,973.96,221999,0.0018515470704412174
HDFC,2023-12-20,987.88,214793,0.014292168056182941
HDFC,2023-12-21,1003.03,276048,0.01533587075353271
HDFC,2023-12-22,1010.76,274668,0.007706648853972542
HDFC,2023-12-25,1000.93,330662,-0.00972535517828177
HDFC,2023-12-26,998.69,476158,-0.0022379187355757724
HDFC,2023-12-27,1001.98,163646,0.0032943155533748936
HDFC,2023-12-28,1005.93,365798,0.00394219445497912
HDFC,2023-12-29,1015.42,305244,0.009434056047637585
